474707439 	Melinda Dixon       	https://randomuser.me/api/portraits/women/47.jpg
511413993 	Kent Davidson       	https://randomuser.me/api/portraits/men/21.jpg
692766687 	Logan Wilson        	https://randomuser.me/api/portraits/men/28.jpg
69535335  	Louis Richards      	https://randomuser.me/api/portraits/men/90.jpg
374630474 	Olivia Walters      	https://randomuser.me/api/portraits/women/16.jpg
446904604 	Beverly Oliver      	https://randomuser.me/api/portraits/women/54.jpg
435489707 	Dwight Brewer       	https://randomuser.me/api/portraits/men/62.jpg
148961727 	Erica Lawson        	https://randomuser.me/api/portraits/women/2.jpg
212191690 	Owen Curtis         	https://randomuser.me/api/portraits/men/3.jpg
569651966 	Peggy Oliver        	https://randomuser.me/api/portraits/women/77.jpg
